Site,Season,filtration
IMS,Summer,95040.07924
IMS,Fall,74761.17425
IMS,Winter,736.6066032
IMS,Spring,65320.02752
Carrot,Summer,10254.44688
Carrot,Fall,8066.433613
Carrot,Winter,79.47692533
Carrot,Spring,7047.771398
NOAA,Summer,49259.05475
NOAA,Fall,38748.54488
NOAA,Winter,381.7815104
NOAA,Spring,33855.22022
Army,Summer,2441.029589
Army,Fall,1920.181884
Army,Winter,18.91916051
Army,Spring,1677.693466
